{"scope.version":"2","timeline.animationMode":"proMode","viewport.width":428,"viewport.height":761,"stage.mask":false,"design.scrollleft":2,"design.scrolltop":645,"eventsPanel.layout":"{\"targetColumnWidth\":160,\"typeColumnWidth\":55,\"actionColumnWidth\":144,\"eventScope\":0}","library.openDirectories":[],"library.GroupsPath":{},"library.downloadedAssets":{},"responsive.previewedSizes":["428x761","428x860"],"design.zoom":1.728,"publish.local.responsiveUnselectedSizes":[],"publish.local.isResponsivePublishedAsFixedSized":false,"publish.local.location":"./","publish.local.name":"TheOrdinary_Q10325_Quiz_DUO","publish.local.flatten":false,"publish.local.minify":true,"publish.local.inlineFiles":true,"publish.local.createZip":true,"publish.local.politeLoad":true,"publish.local.exportMozilla":true,"publish.local.exportWebkit":true,"publish.local.borderColor":"rgba(0,0,0,1)","publish.local.addBorder":false,"":false,"publish.local.skipLoadingDelay":false,"timeline.previewRanges":{},"ruler.guides.horizontal":[365,522,611],"ruler.guides.vertical":[219,-17,-268,98],"ruler.guides.show":true,"ruler.guides.lock":false,"design.userpaddingleft":-942,"design.userpaddingtop":-761}